"765","zpart_25fac2","false","99","true","true","true","true","266"
"767","zpart_3eef","false","99","false","true","true","true","135"
"771","zpart_693a","false","99","false","true","true","true","160"
"772","zpart_0c0d67","false","99","false","true","true","true","93"
"773","zpart_fb03","false","99","false","true","true","true","236"
"775","zpart_dd5d","false","99","false","true","true","true","124"
"778","zpart_cfb986","false","99","false","true","true","true","150"
"781","zpart_8d6718","false","99","false","true","true","true","95"
"782","zpart_b721","false","99","false","true","true","true","34"
"788","zpart_f494","false","99","false","true","true","true","119"
"789","zpart_a5f1","false","99","false","true","true","true","80"
"790","zpart_9c2d3f","false","99","true","true","true","true","228"
"793","zpart_2ed880","false","99","false","true","true","true","13"
"795","zpart_c786be","false","10","false","false","true","true","183"
"796","zpart_2a4755","false","99","false","true","true","true","154"
"797","zpart_881e","false","99","false","true","true","true","22"
"799","zpart_fc6360","false","99","false","true","true","true","126"
"801","zpart_b093","false","99","false","true","true","true","222"
"802","zpart_6aed","false","99","false","true","true","true","121"
"804","zpart_1a33","false","99","false","true","true","true","161"
"806","zpart_3c79f8","false","99","false","true","true","true","141"
"807","zpart_b46c89","false","99","false","true","true","true","403"
"810","zpart_59a474","false","99","false","true","true","true","227"
"811","zpart_357f","false","99","false","true","true","true","78"
"812","zpart_0774","false","99","false","true","true","true","119"
"813","zpart_a45368","false","99","false","true","true","true","225"
"820","zpart_96c2","false","99","false","true","true","true","184"
"822","zpart_1c13","false","99","false","true","true","true","223"
"831","zpart_21c4","false","99","false","true","true","true","163"
"833","zpart_acf1","false","99","false","true","true","true","255"
"837","zpart_58c8e5","false","99","false","true","true","true","253"
"841","zpart_bf949c","false","99","false","true","true","true","176"
"843","zpart_554b","false","99","false","true","true","true","7"
"844","zpart_4135","false","99","false","true","true","true","128"
"845","zpart_8230","false","99","false","true","false","true","102"
"850","zpart_b007","false","99","false","true","true","true","118"
"852","zpart_dc5f","false","99","true","true","true","true","158"
"854","zpart_39fa","false","99","false","true","true","true","201"
"855","zpart_2a99c3","false","99","false","true","true","true","192"
"856","zpart_89b323","false","99","true","true","true","true","163"
"857","zpart_bdaa","false","99","false","true","true","true","205"
"863","zpart_a2db63","false","99","false","true","true","true","132"
"866","zpart_be57","false","99","true","true","true","true","83"
"871","zpart_4a106f","false","99","false","true","true","true","128"
"872","zpart_4da4","false","99","false","true","true","true","126"
"876","zpart_7cd081","false","99","false","true","true","true","134"
"879","zpart_378f","false","99","false","true","true","true","132"
"882","zpart_ce3c","false","99","false","true","false","true","330"
"883","zpart_4760","false","99","false","true","true","true","174"
"884","zpart_71fac3","true","99","false","true","true","true","289"
"887","zpart_495d","false","99","false","true","true","true","82"
"889","zpart_ee9d","false","99","true","true","true","true","160"
"894","zpart_dc2e","false","99","true","true","true","true","23"
"895","zpart_35ea","false","99","false","true","true","true","293"
"904","zpart_eba21d","false","99","false","true","true","true","71"
"910","zpart_c221f9","false","99","false","true","true","true","197"
"914","zpart_3b7e","false","99","false","true","true","true","111"
"915","zpart_97fc","true","99","true","true","true","false","146"
"918","zpart_f471","false","99","false","true","true","true","154"
"920","zpart_a7b1","false","99","false","true","true","true","115"
"921","zpart_51c0f4","false","99","false","true","true","true","195"
"926","zpart_7f4d","false","99","false","true","true","true","290"
"930","zpart_b54a","false","99","false","true","true","true","199"
"932","zpart_82ed42","false","99","false","true","true","true","150"
"933","zpart_731f88","false","99","false","false","true","true","367"
"936","zpart_ef81ad","false","99","false","false","true","true","239"
"940","zpart_ecdf79","false","99","false","true","true","true","149"
"943","zpart_d3f566","false","99","false","true","true","true","146"
"945","zpart_d4d6","false","99","false","true","true","true","123"
"946","zpart_ff3e","false","99","false","true","true","true","158"
"947","zpart_35fe73","false","99","true","true","true","true","211"
"948","zpart_2518","false","99","false","true","true","true","6"
"949","zpart_1c4a","false","99","false","true","true","true","299"
"950","zpart_f27f","false","99","true","true","true","true","220"
"957","zpart_3cc1","false","99","false","true","true","true","167"
"958","zpart_ed71b5","false","99","false","true","true","true","202"
"959","zpart_df2c","false","99","true","true","true","true","278"
"962","zpart_bf1a","false","99","false","true","true","true","138"
"968","zpart_c89d","false","99","true","true","true","true","167"
"970","zpart_815497","false","99","false","true","true","true","292"
"971","zpart_06df","false","99","true","true","true","true","57"
"972","zpart_fc99a1","false","99","false","true","true","true","129"
"978","zpart_a4d5","false","99","false","true","true","true","111"
"979","zpart_e66e","false","99","false","true","true","true","88"
"982","zpart_004079","false","99","false","true","true","true","45"
"984","zpart_4c12","false","99","false","true","true","true","107"
"986","zpart_3dfbc6","false","99","false","true","true","true","261"
"987","zpart_c3beee","false","99","false","true","true","true","99"
"990","zpart_cb8f0f","false","99","false","true","true","true","100"
"991","zpart_e549","true","99","true","true","true","true","115"
"996","zpart_e99f78","false","99","false","true","true","true","124"
"997","zpart_3a9a","false","99","false","true","true","true","125"
"1000","zpart_3e0a","false","99","true","true","true","true","656"
"1013","zpart_8c64d5","false","99","false","true","true","true","126"
"1015","zpart_398994","false","99","false","true","true","true","123"
"1061","zpart_672ae6","false","99","false","true","true","true","239"
"1062","zpart_6856","false","99","false","true","true","true","140"
"1064","zpart_a3ea","false","99","false","true","true","true","95"
"1068","zpart_c5ab","false","99","false","true","true","true","179"
"1071","zpart_b77529","false","99","false","true","true","true","117"
"1075","zpart_b9ad","false","99","false","true","true","true","279"
"1077","zpart_0fab","false","99","false","true","true","true","552"
"1100","zpart_325b","false","99","false","true","true","true","226"
"1104","zpart_a4a4","false","99","false","true","true","true","189"
"1106","zpart_9fc5","false","99","false","true","true","true","176"
"1107","zpart_505fbd","false","99","false","true","true","true","176"
