"treemap2_00df08","611",\N,"509",\N,\N,"507","173.68.255.143","2323"
"treemap2_0332","675",\N,"549",\N,\N,"547","24.119.84.38","1260"
"treemap2_03a6ec","647",\N,"524",\N,\N,"522","68.185.139.235","895"
"treemap2_03c2","697",\N,"562",\N,\N,"559","184.158.9.104","97"
"treemap2_05e3","630",\N,"508",\N,\N,"506","108.217.53.71","841"
"treemap2_06c064","641",\N,"518",\N,\N,"516","108.84.204.89","990"
"treemap2_082c","608",\N,"496",\N,\N,"494","98.208.33.76","1079"
"treemap2_0c51","698",\N,"570",\N,\N,"567","142.11.74.151","834"
"treemap2_128270","707",\N,"577",\N,\N,"574","173.19.97.69","999"
"treemap2_13c7bc","660",\N,"534",\N,\N,"532","143.231.249.141","466"
"treemap2_152205","739",\N,"600",\N,\N,"597","174.25.63.94","991"
"treemap2_1826","633",\N,"515",\N,\N,"512","173.74.19.248","1066"
"treemap2_1cb48a","740",\N,"601",\N,\N,"598","77.12.90.89","443"
"treemap2_1dcf","691",\N,"561",\N,\N,"558","137.124.12.84","546"
"treemap2_1f7dcf","605",\N,"492",\N,\N,"490","68.121.255.154","862"
"treemap2_220421","616",\N,"498",\N,\N,"496","174.27.229.176","732"
"treemap2_2250","666",\N,"540",\N,\N,"538","73.43.18.111","1195"
"treemap2_22f93a","737",\N,"598",\N,\N,"595","24.178.43.55","684"
"treemap2_24aed9","646",\N,"525",\N,\N,"523","67.167.209.184","1120"
"treemap2_2626","609",\N,"491",\N,\N,"489","98.84.108.42","494"
"treemap2_267c","664",\N,"553",\N,\N,"551","216.81.94.75","3085"
"treemap2_26af","703",\N,"574",\N,\N,"570","140.106.192.35","1011"
"treemap2_29dc","628",\N,"512",\N,\N,"510","24.24.226.8","918"
"treemap2_2a78","625",\N,"507",\N,\N,"505","23.28.92.248","1546"
"treemap2_2e50","711",\N,"579",\N,\N,"576","108.252.133.93","1353"
"treemap2_30dedb","680",\N,"550",\N,\N,"548","192.226.220.195","745"
"treemap2_3808","636",\N,"514",\N,\N,"513","173.27.17.96","1213"
"treemap2_38d314","727",\N,"589",\N,\N,"586","209.129.85.52","434"
"treemap2_3a2b30","672",\N,"543",\N,\N,"541","66.90.158.124","963"
"treemap2_3a93c7","712",\N,"580",\N,\N,"577","75.162.224.57","644"
"treemap2_3b8b","719",\N,"591",\N,\N,"588","76.181.194.22","1507"
"treemap2_4002","708",\N,"573",\N,\N,"569","98.245.77.130","660"
"treemap2_43e810","728",\N,"593",\N,\N,"590","69.245.151.183","1085"
"treemap2_454577","682",\N,"551",\N,\N,"549","69.35.211.243","799"
"treemap2_5415","656",\N,"532",\N,\N,"531","168.91.255.100","2196"
"treemap2_5826df","689",\N,"569",\N,\N,"566","69.204.114.225","1421"
"treemap2_5acc","622",\N,"505",\N,\N,"503","67.185.219.70","1058"
"treemap2_5cff","668",\N,"544",\N,\N,"542","65.7.13.238","1148"
"treemap2_5fa58f","640",\N,"520",\N,\N,"518","50.165.122.52","1272"
"treemap2_6003","676",\N,"547",\N,\N,"545","68.250.185.207","1205"
"treemap2_6165","648",\N,"522",\N,\N,"520","24.112.189.66","691"
"treemap2_630e","693",\N,"564",\N,\N,"561","69.138.184.224","852"
"treemap2_69ca04","659",\N,"533",\N,\N,"530","50.126.38.84","1265"
"treemap2_6b58","619",\N,"502",\N,\N,"501","174.48.146.103","976"
"treemap2_6ba54f","667",\N,"542",\N,\N,"540","169.234.228.40","1079"
"treemap2_70f6ef","673",\N,"545",\N,\N,"543","71.51.36.94","1208"
"treemap2_71bd","715",\N,"581",\N,\N,"578","67.198.127.25","540"
"treemap2_751601","725",\N,"590",\N,\N,"587","71.229.91.88","1264"
"treemap2_765042","653",\N,"531",\N,\N,"529","201.191.69.234","1089"
"treemap2_7713","637",\N,"513",\N,\N,"511","113.199.210.63","617"
"treemap2_7f2ea2","615",\N,"494",\N,\N,"492","192.145.240.228","418"
"treemap2_8112a6","692",\N,"566",\N,\N,"563","75.145.107.33","1194"
"treemap2_834317","603",\N,"489",\N,\N,"487","72.74.255.230","231"
"treemap2_8489","642",\N,"521",\N,\N,"519","216.160.143.225","1089"
"treemap2_871f","736",\N,"597",\N,\N,"594","72.241.188.216","712"
"treemap2_8a376d","694",\N,"563",\N,\N,"560","128.110.87.253","743"
"treemap2_8c06d9","654",\N,"528",\N,\N,"526","97.97.149.108","551"
"treemap2_8e148e","684",\N,"555",\N,\N,"553","67.134.99.73","1286"
"treemap2_8f0b0d","655",\N,"530",\N,\N,"528","24.177.113.254","604"
"treemap2_972fb4","665",\N,"541",\N,\N,"539","76.188.176.77","1239"
"treemap2_9822","714",\N,"583",\N,\N,"580","98.26.17.99","1129"
"treemap2_9a5b8c","688",\N,"559",\N,\N,"556","99.195.97.11","715"
"treemap2_9af9f3","704",\N,"575",\N,\N,"572","96.239.83.160","987"
"treemap2_9b66","716",\N,"582",\N,\N,"579","24.117.197.20","615"
"treemap2_9c70","649",\N,"527",\N,\N,"525","71.114.167.130","786"
"treemap2_9ca6","683",\N,"556",\N,\N,"554","66.112.162.213","1602"
"treemap2_9da223","612",\N,"495",\N,\N,"493","71.117.141.187","753"
"treemap2_9ec074","723",\N,"588",\N,\N,"585","173.8.9.105","597"
"treemap2_9ef13f","685",\N,"557",\N,\N,"555","68.7.163.139","868"
"treemap2_a415","702",\N,"576",\N,\N,"573","173.61.113.6","1225"
"treemap2_a87691","620",\N,"500",\N,\N,"498","64.135.81.254","709"
"treemap2_acfc","614",\N,"510",\N,\N,"508","50.247.87.163","1985"
"treemap2_ae3f","631",\N,"516",\N,\N,"514","209.99.211.229","1527"
"treemap2_af12","634",\N,"511",\N,\N,"509","173.58.89.10","751"
"treemap2_b040","621",\N,"501",\N,\N,"499","162.197.121.49","855"
"treemap2_b17f","644",\N,"523",\N,\N,"521","24.144.201.220","1347"
"treemap2_b3e6","705",\N,"578",\N,\N,"575","184.6.215.157","1135"
"treemap2_b4b0","724",\N,"587",\N,\N,"584","173.19.97.69","708"
"treemap2_b77574","726",\N,"592",\N,\N,"589","67.234.164.16","916"
"treemap2_b809","718",\N,"585",\N,\N,"582","98.26.135.192","886"
"treemap2_b887da","645",\N,"519",\N,\N,"517","74.128.130.176","385"
"treemap2_b9ed","674",\N,"546",\N,\N,"544","99.75.93.209","1323"
"treemap2_bf6c","701",\N,"565",\N,\N,"564","184.153.240.35","592"
"treemap2_c0ab","699",\N,"568",\N,\N,"565","75.181.156.204","675"
"treemap2_c1c7","721",\N,"586",\N,\N,"583","75.51.97.49","665"
"treemap2_c26a4e","706",\N,"571",\N,\N,"568","24.181.78.243","526"
"treemap2_c41e","601",\N,"490",\N,\N,"488","38.122.252.146","484"
"treemap2_c42953","661",\N,"536",\N,\N,"534","76.226.60.182","1111"
"treemap2_c94c54","624",\N,"503",\N,\N,"500","69.35.160.188","678"
"treemap2_cae5","681",\N,"554",\N,\N,"552","108.90.191.37","1642"
"treemap2_ccd69d","700",\N,"567",\N,\N,"562","134.48.75.244","462"
"treemap2_d0e0","663",\N,"535",\N,\N,"533","129.105.81.219","906"
"treemap2_d14342","729",\N,"596",\N,\N,"592","98.204.247.84","1301"
"treemap2_d65820","717",\N,"584",\N,\N,"581","75.166.221.179","843"
"treemap2_d77a","651",\N,"526",\N,\N,"524","97.91.129.210","537"
"treemap2_d90b97","738",\N,"599",\N,\N,"596","174.45.176.55","730"
"treemap2_dfea","618",\N,"504",\N,\N,"502","97.93.58.206","1352"
"treemap2_e1b7c3","639",\N,"517",\N,\N,"515","97.121.171.138","1032"
"treemap2_e345d2","732",\N,"595",\N,\N,"593","173.81.136.208","1306"
"treemap2_e92c64","623",\N,"506",\N,\N,"504","67.231.160.128","1057"
"treemap2_ec4b","669",\N,"538",\N,\N,"536","24.60.191.33","585"
"treemap2_ec511f","679",\N,"552",\N,\N,"550","64.219.114.113","1502"
"treemap2_efc4","652",\N,"529",\N,\N,"527","68.0.81.151","889"
"treemap2_f14104","686",\N,"560",\N,\N,"557","173.52.250.200","815"
"treemap2_f1ae8a","733",\N,"594",\N,\N,"591","71.206.207.140","1023"
"treemap2_f3e8","662",\N,"537",\N,\N,"535","96.232.90.53","1411"
"treemap2_f4cc","602",\N,"493",\N,\N,"491","74.132.161.63","983"
"treemap2_f4fccf","617",\N,"499",\N,\N,"497","70.113.37.120","755"
"treemap2_f6ca","607",\N,"497",\N,\N,"495","174.97.61.112","1215"
"treemap2_f78961","670",\N,"539",\N,\N,"537","98.14.194.135","574"
"treemap2_fe41","677",\N,"548",\N,\N,"546","184.4.128.38","1097"
