"ztree_027d","998",\N,"787",\N,\N,"781","66.26.84.91","1069"
"ztree_02d3","1054",\N,"820",\N,\N,"814","50.171.2.82","1085"
"ztree_038893","803",\N,"648",\N,\N,"642","50.48.49.189","1117"
"ztree_0413","830",\N,"666",\N,\N,"660","108.201.124.217","1474"
"ztree_050122","1001",\N,"790",\N,\N,"784","71.225.238.99","1502"
"ztree_0991","938",\N,"745",\N,\N,"739","76.110.58.174","1058"
"ztree_09d3","923",\N,"728",\N,\N,"722","108.243.20.191","1070"
"ztree_0d54","784",\N,"635",\N,\N,"629","160.36.162.187","649"
"ztree_0d5de2","925",\N,"732",\N,\N,"726","50.180.24.14","784"
"ztree_0e5e","911",\N,"720",\N,\N,"714","12.23.120.193","433"
"ztree_15b1","989",\N,"780",\N,\N,"774","99.13.122.47","667"
"ztree_16d9","1025",\N,"806",\N,\N,"800","172.242.88.118","1445"
"ztree_177e6d","1019",\N,"801",\N,\N,"795","172.8.236.221","1004"
"ztree_2251","823",\N,"664",\N,\N,"658","50.90.18.74","836"
"ztree_2e0e6d","1030",\N,"802",\N,\N,"796","72.187.165.1","581"
"ztree_2e63","977",\N,"770",\N,\N,"764","124.123.157.52","668"
"ztree_3648cb","1040",\N,"810",\N,\N,"804","69.125.156.146","412"
"ztree_36f325","1010",\N,"792",\N,\N,"786","72.56.92.27","237"
"ztree_372d","862",\N,"693",\N,\N,"687","98.176.102.24","944"
"ztree_38ca","901",\N,"716",\N,\N,"710","70.197.68.43","1278"
"ztree_391b","969",\N,"767",\N,\N,"761","74.75.78.222","1230"
"ztree_39c2bf","908",\N,"718",\N,\N,"712","71.195.141.171","262"
"ztree_3b15d6","1047",\N,"816",\N,\N,"810","70.215.131.2","646"
"ztree_3b36e4","1039",\N,"811",\N,\N,"805","107.221.210.183","814"
"ztree_3bb7ca","1052",\N,"818",\N,\N,"812","173.208.87.146","600"
"ztree_3c2b61","768",\N,"626",\N,\N,"620","74.76.198.227","524"
"ztree_3c9c","1049",\N,"817",\N,\N,"811","50.168.254.153","883"
"ztree_4106","931",\N,"740",\N,\N,"734","96.232.182.80","1229"
"ztree_423f7c","846",\N,"681",\N,\N,"675","74.195.97.121","619"
"ztree_4559","815",\N,"655",\N,\N,"649","206.255.68.191","964"
"ztree_45a7","821",\N,"662",\N,\N,"656","98.239.169.205","778"
"ztree_462aea","1053",\N,"819",\N,\N,"813","76.125.33.80","1518"
"ztree_47e120","929",\N,"735",\N,\N,"729","99.181.45.77","1245"
"ztree_5556","1026",\N,"803",\N,\N,"797","72.132.164.98","843"
"ztree_5689","916",\N,"724",\N,\N,"718","162.204.48.244","1190"
"ztree_571021","1004",\N,"791",\N,\N,"785","76.189.43.18","1128"
"ztree_5c6f","1016",\N,"797",\N,\N,"791","76.120.233.70","1179"
"ztree_5fc1","976",\N,"771",\N,\N,"765","24.21.215.198","799"
"ztree_62ac","874",\N,"702",\N,\N,"696","71.137.193.22","1163"
"ztree_6639","934",\N,"738",\N,\N,"732","155.97.120.109","645"
"ztree_67da","787",\N,"638",\N,\N,"632","67.234.175.181","856"
"ztree_67ea","903",\N,"719",\N,\N,"713","74.138.146.192","1246"
"ztree_69fa6c","1009",\N,"793",\N,\N,"787","50.53.158.143","723"
"ztree_704998","861",\N,"691",\N,\N,"685","184.56.62.247","408"
"ztree_7233","1041",\N,"812",\N,\N,"806","69.244.43.190","672"
"ztree_74fbeb","992",\N,"783",\N,\N,"778","32.216.50.130","888"
"ztree_7651","928",\N,"734",\N,\N,"728","75.132.227.213","1224"
"ztree_7aad","835",\N,"669",\N,\N,"664","76.232.17.177","701"
"ztree_7cbdc2","980",\N,"774",\N,\N,"768","24.15.61.126","744"
"ztree_7dfb08","840",\N,"677",\N,\N,"670","107.203.158.18","1317"
"ztree_80ca","1103",\N,"839",\N,\N,"832","24.63.94.15","1050"
"ztree_840b","922",\N,"729",\N,\N,"723","65.191.57.52","987"
"ztree_85c7","953",\N,"755",\N,\N,"749","99.51.72.198","868"
"ztree_876f1f","1018",\N,"799",\N,\N,"793","99.66.232.190","797"
"ztree_88ef","875",\N,"701",\N,\N,"695","108.20.1.250","814"
"ztree_8c2bde","870",\N,"699",\N,\N,"693","152.97.126.248","1399"
"ztree_8d5d","937",\N,"741",\N,\N,"735","71.195.25.163","558"
"ztree_9684","939",\N,"744",\N,\N,"738","181.194.106.220","585"
"ztree_9e84","888",\N,"711",\N,\N,"705","98.15.251.135","635"
"ztree_a0dc","851",\N,"683",\N,\N,"677","76.29.164.123","676"
"ztree_a0dd69","836",\N,"668",\N,\N,"662","70.187.177.127","580"
"ztree_a283","816",\N,"658",\N,\N,"652","173.16.34.39","1173"
"ztree_a7aab2","1102",\N,"842",\N,\N,"835","207.244.182.109","1606"
"ztree_a869f8","1093",\N,"835",\N,\N,"829","74.69.215.199","958"
"ztree_a9d786","1034",\N,"809",\N,\N,"803","98.219.144.247","1338"
"ztree_adb53e","955",\N,"757",\N,\N,"751","69.143.165.207","645"
"ztree_afc3","848",\N,"687",\N,\N,"681","99.129.129.22","1869"
"ztree_b2df","886",\N,"713",\N,\N,"707","74.105.17.193","792"
"ztree_b504ef","964",\N,"762",\N,\N,"756","72.187.10.129","587"
"ztree_ba90","965",\N,"763",\N,\N,"757","68.12.42.169","678"
"ztree_baa37c","951",\N,"754",\N,\N,"748","184.60.239.212","986"
"ztree_bb3b","994",\N,"784",\N,\N,"777","75.139.152.174","656"
"ztree_bd46","1101",\N,"836",\N,\N,"830","86.176.222.91","578"
"ztree_c13e","839",\N,"674",\N,\N,"668","67.242.3.236","1152"
"ztree_c5f1","956",\N,"759",\N,\N,"753","96.248.12.250","173"
"ztree_c95b","954",\N,"756",\N,\N,"750","173.163.119.245","735"
"ztree_cacbff","935",\N,"742",\N,\N,"736","67.2.104.127","1714"
"ztree_cb7262","924",\N,"731",\N,\N,"725","107.5.162.181","977"
"ztree_cc0149","1007",\N,"794",\N,\N,"788","64.202.234.124","1580"
"ztree_cc37ae","919",\N,"726",\N,\N,"720","98.208.39.228","636"
"ztree_cd3df6","1063",\N,"826",\N,\N,"820","108.59.213.199","980"
"ztree_cf05","985",\N,"779",\N,\N,"773","108.18.234.82","1187"
"ztree_cf7727","1017",\N,"800",\N,\N,"794","24.177.228.45","1082"
"ztree_d0e220","1033",\N,"807",\N,\N,"801","72.192.247.63","819"
"ztree_d10bee","1043",\N,"814",\N,\N,"808","50.174.78.251","980"
"ztree_d2f495","1046",\N,"815",\N,\N,"809","24.22.117.71","1032"
"ztree_d353","869",\N,"695",\N,\N,"689","98.234.203.195","791"
"ztree_dbde3f","808",\N,"653",\N,\N,"647","69.35.211.245","940"
"ztree_de15","828",\N,"665",\N,\N,"659","67.2.194.231","827"
"ztree_de32","853",\N,"690",\N,\N,"684","108.230.190.38","2265"
"ztree_dec6","873",\N,"696",\N,\N,"690","65.34.185.137","539"
"ztree_e01565","847",\N,"680",\N,\N,"674","24.183.220.138","1010"
"ztree_e9a3","1014",\N,"798",\N,\N,"792","99.3.25.167","4875"
"ztree_f1d3","1072",\N,"832",\N,\N,"826","134.29.137.3","1002"
"ztree_f63cbe","834",\N,"671",\N,\N,"665","216.9.189.125","1161"
"ztree_f900b8","877",\N,"704",\N,\N,"698","71.61.161.185","1453"
"ztree_f957ca","1056",\N,"821",\N,\N,"815","76.107.36.41","738"
"ztree_fa6ecb","1032",\N,"808",\N,\N,"802","99.115.12.204","1229"
"ztree_fbae47","818",\N,"657",\N,\N,"651","71.53.72.100","339"
"ztree_fc08","1059",\N,"822",\N,\N,"816","37.221.175.39","713"
"ztree_fc336e","1029",\N,"804",\N,\N,"798","173.78.149.130","1029"
